{
  "spec/slow2_spec.rb": 2.002528190612793,
  "spec/slow_spec.rb": 2.002413749694824
}