{
  "spec/slow2_spec.rb": 2.007270097732544,
  "spec/slow_spec.rb": 2.001046895980835
}