{
  "spec/slow2_spec.rb": 2.002798080444336,
  "spec/slow_spec.rb": 2.0023727416992188
}